Algorithm,silhouette,davies_bouldin,n_clusters
K-Means,0.20053754129486925,1.5152634673270633,4
Hierarchical,0.18593998028556707,1.6285276998030254,4
DBSCAN,0.28622691911947684,1.049758395075786,8
